org_code,org_name,parent_org,persistent_bottom_quartile
REM,AINTREE UNIVERSITY HOSPITAL NHS FOUNDATION TRUST,NHS ENGLAND NORTH WEST (CHESHIRE AND MERSEYSIDE),False
RCF,AIREDALE NHS FOUNDATION TRUST,NHS ENGLAND NORTH EAST AND YORKSHIRE (YORKSHIRE AND HUMBER),False
RBS,ALDER HEY CHILDREN'S NHS FOUNDATION TRUST,NHS ENGLAND NORTH WEST (CHESHIRE AND MERSEYSIDE),False
RTK,ASHFORD AND ST PETER'S HOSPITALS NHS FOUNDATION TRUST,"NHS ENGLAND SOUTH EAST (KENT, SURREY AND SUSSEX)",True
NL7,ASSURA VERTIS URGENT CARE CENTRES (BIRMINGHAM),NHS ENGLAND MIDLANDS (WEST MIDLANDS),False
RF4,"BARKING, HAVERING AND REDBRIDGE UNIVERSITY HOSPITALS NHS TRUST",NHS ENGLAND LONDON,False
RFF,BARNSLEY HOSPITAL NHS FOUNDATION TRUST,NHS ENGLAND NORTH EAST AND YORKSHIRE (YORKSHIRE AND HUMBER),False
R1H,BARTS HEALTH NHS TRUST,NHS ENGLAND LONDON,False
RDD,BASILDON AND THURROCK UNIVERSITY HOSPITALS NHS FOUNDATION TRUST,NHS ENGLAND EAST OF ENGLAND (EAST),False
RC1,BEDFORD HOSPITAL NHS TRUST,NHS ENGLAND EAST OF ENGLAND (EAST),False
RWX,BERKSHIRE HEALTHCARE NHS FOUNDATION TRUST,"NHS ENGLAND SOUTH EAST (HAMPSHIRE, ISLE OF WIGHT AND THAMES VALLEY)",False
RQ3,BIRMINGHAM WOMEN'S AND CHILDREN'S NHS FOUNDATION TRUST,NHS ENGLAND MIDLANDS (WEST MIDLANDS),False
RXL,BLACKPOOL TEACHING HOSPITALS NHS FOUNDATION TRUST,NHS ENGLAND NORTH WEST (LANCASHIRE AND SOUTH CUMBRIA),False
RMC,BOLTON NHS FOUNDATION TRUST,NHS ENGLAND NORTH WEST (GREATER MANCHESTER),False
RAE,BRADFORD TEACHING HOSPITALS NHS FOUNDATION TRUST,NHS ENGLAND NORTH EAST AND YORKSHIRE (YORKSHIRE AND HUMBER),False
RY2,BRIDGEWATER COMMUNITY HEALTHCARE NHS FOUNDATION TRUST,NHS ENGLAND NORTH WEST (GREATER MANCHESTER),False
RXH,BRIGHTON AND SUSSEX UNIVERSITY HOSPITALS NHS TRUST,"NHS ENGLAND SOUTH EAST (KENT, SURREY AND SUSSEX)",False
NLW,BRISTOL COMMUNITY HEALTH,NHS ENGLAND SOUTH WEST (SOUTH WEST NORTH),False
RXQ,BUCKINGHAMSHIRE HEALTHCARE NHS TRUST,"NHS ENGLAND SOUTH EAST (HAMPSHIRE, ISLE OF WIGHT AND THAMES VALLEY)",False
RWY,CALDERDALE AND HUDDERSFIELD NHS FOUNDATION TRUST,NHS ENGLAND NORTH EAST AND YORKSHIRE (YORKSHIRE AND HUMBER),False
RGT,CAMBRIDGE UNIVERSITY HOSPITALS NHS FOUNDATION TRUST,NHS ENGLAND EAST OF ENGLAND (EAST),False
RYX,CENTRAL LONDON COMMUNITY HEALTHCARE NHS TRUST,NHS ENGLAND LONDON,False
RQM,CHELSEA AND WESTMINSTER HOSPITAL NHS FOUNDATION TRUST,NHS ENGLAND LONDON,False
RFS,CHESTERFIELD ROYAL HOSPITAL NHS FOUNDATION TRUST,NHS ENGLAND MIDLANDS (NORTH MIDLANDS),False
RJ8,CORNWALL PARTNERSHIP NHS FOUNDATION TRUST,NHS ENGLAND SOUTH WEST (SOUTH WEST SOUTH),False
RJR,COUNTESS OF CHESTER HOSPITAL NHS FOUNDATION TRUST,NHS ENGLAND NORTH WEST (CHESHIRE AND MERSEYSIDE),False
RXP,COUNTY DURHAM AND DARLINGTON NHS FOUNDATION TRUST,NHS ENGLAND NORTH EAST AND YORKSHIRE (CUMBRIA AND NORTH EAST),False
RYG,COVENTRY AND WARWICKSHIRE PARTNERSHIP NHS TRUST,NHS ENGLAND MIDLANDS (WEST MIDLANDS),False
RJ6,CROYDON HEALTH SERVICES NHS TRUST,NHS ENGLAND LONDON,False
RN7,DARTFORD AND GRAVESHAM NHS TRUST,"NHS ENGLAND SOUTH EAST (KENT, SURREY AND SUSSEX)",False
RY8,DERBYSHIRE COMMUNITY HEALTH SERVICES NHS FOUNDATION TRUST,NHS ENGLAND MIDLANDS (NORTH MIDLANDS),False
NNJ,DHU HEALTH CARE C.I.C,NHS ENGLAND MIDLANDS (NORTH MIDLANDS),False
RP5,DONCASTER AND BASSETLAW TEACHING HOSPITALS NHS FOUNDATION TRUST,NHS ENGLAND NORTH EAST AND YORKSHIRE (YORKSHIRE AND HUMBER),False
RBD,DORSET COUNTY HOSPITAL NHS FOUNDATION TRUST,NHS ENGLAND SOUTH WEST (SOUTH WEST SOUTH),False
RDY,DORSET HEALTHCARE UNIVERSITY NHS FOUNDATION TRUST,NHS ENGLAND SOUTH WEST (SOUTH WEST SOUTH),False
RWH,EAST AND NORTH HERTFORDSHIRE NHS TRUST,NHS ENGLAND EAST OF ENGLAND (EAST),False
RJN,EAST CHESHIRE NHS TRUST,NHS ENGLAND NORTH WEST (CHESHIRE AND MERSEYSIDE),True
RVV,EAST KENT HOSPITALS UNIVERSITY NHS FOUNDATION TRUST,"NHS ENGLAND SOUTH EAST (KENT, SURREY AND SUSSEX)",False
RXR,EAST LANCASHIRE HOSPITALS NHS TRUST,NHS ENGLAND NORTH WEST (LANCASHIRE AND SOUTH CUMBRIA),False
RDE,EAST SUFFOLK AND NORTH ESSEX NHS FOUNDATION TRUST,NHS ENGLAND EAST OF ENGLAND (EAST),False
RXC,EAST SUSSEX HEALTHCARE NHS TRUST,"NHS ENGLAND SOUTH EAST (KENT, SURREY AND SUSSEX)",False
RVR,EPSOM AND ST HELIER UNIVERSITY HOSPITALS NHS TRUST,NHS ENGLAND LONDON,False
NDJ,FIRST COMMUNITY HEALTH AND CARE CIC,"NHS ENGLAND SOUTH EAST (KENT, SURREY AND SUSSEX)",False
RDU,FRIMLEY HEALTH NHS FOUNDATION TRUST,"NHS ENGLAND SOUTH EAST (HAMPSHIRE, ISLE OF WIGHT AND THAMES VALLEY)",False
RR7,GATESHEAD HEALTH NHS FOUNDATION TRUST,NHS ENGLAND NORTH EAST AND YORKSHIRE (CUMBRIA AND NORTH EAST),False
RLT,GEORGE ELIOT HOSPITAL NHS TRUST,NHS ENGLAND MIDLANDS (WEST MIDLANDS),False
R1J,GLOUCESTERSHIRE CARE SERVICES NHS TRUST,NHS ENGLAND SOUTH WEST (SOUTH WEST NORTH),False
RTQ,GLOUCESTERSHIRE HEALTH AND CARE NHS FOUNDATION TRUST,NHS ENGLAND SOUTH WEST (SOUTH WEST NORTH),False
RTE,GLOUCESTERSHIRE HOSPITALS NHS FOUNDATION TRUST,NHS ENGLAND SOUTH WEST (SOUTH WEST NORTH),False
RN3,GREAT WESTERN HOSPITALS NHS FOUNDATION TRUST,NHS ENGLAND SOUTH WEST (SOUTH WEST NORTH),False
RJ1,GUY'S AND ST THOMAS' NHS FOUNDATION TRUST,NHS ENGLAND LONDON,False
RN5,HAMPSHIRE HOSPITALS NHS FOUNDATION TRUST,"NHS ENGLAND SOUTH EAST (HAMPSHIRE, ISLE OF WIGHT AND THAMES VALLEY)",False
RCD,HARROGATE AND DISTRICT NHS FOUNDATION TRUST,NHS ENGLAND NORTH EAST AND YORKSHIRE (YORKSHIRE AND HUMBER),False
RY4,HERTFORDSHIRE COMMUNITY NHS TRUST,NHS ENGLAND EAST OF ENGLAND (EAST),False
RQX,HOMERTON UNIVERSITY HOSPITAL NHS FOUNDATION TRUST,NHS ENGLAND LONDON,False
RY9,HOUNSLOW AND RICHMOND COMMUNITY HEALTHCARE NHS TRUST,NHS ENGLAND LONDON,False
RWA,HULL UNIVERSITY TEACHING HOSPITALS NHS TRUST,NHS ENGLAND NORTH EAST AND YORKSHIRE (YORKSHIRE AND HUMBER),True
RV9,HUMBER TEACHING NHS FOUNDATION TRUST,NHS ENGLAND NORTH EAST AND YORKSHIRE (YORKSHIRE AND HUMBER),False
RYJ,IMPERIAL COLLEGE HEALTHCARE NHS TRUST,NHS ENGLAND LONDON,False
R1F,ISLE OF WIGHT NHS TRUST,"NHS ENGLAND SOUTH EAST (HAMPSHIRE, ISLE OF WIGHT AND THAMES VALLEY)",False
RGP,JAMES PAGET UNIVERSITY HOSPITALS NHS FOUNDATION TRUST,NHS ENGLAND EAST OF ENGLAND (EAST),False
RYY,KENT COMMUNITY HEALTH NHS FOUNDATION TRUST,"NHS ENGLAND SOUTH EAST (KENT, SURREY AND SUSSEX)",False
RNQ,KETTERING GENERAL HOSPITAL NHS FOUNDATION TRUST,NHS ENGLAND MIDLANDS (CENTRAL MIDLANDS),False
RJZ,KING'S COLLEGE HOSPITAL NHS FOUNDATION TRUST,NHS ENGLAND LONDON,False
RAX,KINGSTON HOSPITAL NHS FOUNDATION TRUST,NHS ENGLAND LONDON,False
RXN,LANCASHIRE TEACHING HOSPITALS NHS FOUNDATION TRUST,NHS ENGLAND NORTH WEST (LANCASHIRE AND SOUTH CUMBRIA),False
RR8,LEEDS TEACHING HOSPITALS NHS TRUST,NHS ENGLAND NORTH EAST AND YORKSHIRE (YORKSHIRE AND HUMBER),False
RJ2,LEWISHAM AND GREENWICH NHS TRUST,NHS ENGLAND LONDON,False
RY5,LINCOLNSHIRE COMMUNITY HEALTH SERVICES NHS TRUST,NHS ENGLAND MIDLANDS (CENTRAL MIDLANDS),False
RBQ,LIVERPOOL HEART AND CHEST HOSPITAL NHS FOUNDATION TRUST,NHS ENGLAND NORTH WEST (CHESHIRE AND MERSEYSIDE),False
REP,LIVERPOOL WOMEN'S NHS FOUNDATION TRUST,NHS ENGLAND NORTH WEST (CHESHIRE AND MERSEYSIDE),False
R1K,LONDON NORTH WEST UNIVERSITY HEALTHCARE NHS TRUST,NHS ENGLAND LONDON,False
RC9,LUTON AND DUNSTABLE UNIVERSITY HOSPITAL NHS FOUNDATION TRUST,NHS ENGLAND EAST OF ENGLAND (EAST),False
RWF,MAIDSTONE AND TUNBRIDGE WELLS NHS TRUST,"NHS ENGLAND SOUTH EAST (KENT, SURREY AND SUSSEX)",False
R0A,MANCHESTER UNIVERSITY NHS FOUNDATION TRUST,NHS ENGLAND NORTH WEST (GREATER MANCHESTER),False
RPA,MEDWAY NHS FOUNDATION TRUST,"NHS ENGLAND SOUTH EAST (KENT, SURREY AND SUSSEX)",False
RW4,MERSEY CARE NHS FOUNDATION TRUST,NHS ENGLAND NORTH WEST (CHESHIRE AND MERSEYSIDE),False
RBT,MID CHESHIRE HOSPITALS NHS FOUNDATION TRUST,NHS ENGLAND NORTH WEST (CHESHIRE AND MERSEYSIDE),True
RQ8,MID ESSEX HOSPITAL SERVICES NHS TRUST,NHS ENGLAND EAST OF ENGLAND (EAST),False
RXF,MID YORKSHIRE HOSPITALS NHS TRUST,NHS ENGLAND NORTH EAST AND YORKSHIRE (YORKSHIRE AND HUMBER),False
RD8,MILTON KEYNES UNIVERSITY HOSPITAL NHS FOUNDATION TRUST,NHS ENGLAND EAST OF ENGLAND (EAST),False
RP6,MOORFIELDS EYE HOSPITAL NHS FOUNDATION TRUST,NHS ENGLAND LONDON,False
RM1,NORFOLK AND NORWICH UNIVERSITY HOSPITALS NHS FOUNDATION TRUST,NHS ENGLAND EAST OF ENGLAND (EAST),False
RVJ,NORTH BRISTOL NHS TRUST,NHS ENGLAND SOUTH WEST (SOUTH WEST NORTH),True
RNN,NORTH CUMBRIA INTEGRATED CARE NHS FOUNDATION TRUST,NHS ENGLAND NORTH EAST AND YORKSHIRE (CUMBRIA AND NORTH EAST),True
RNL,NORTH CUMBRIA UNIVERSITY HOSPITALS NHS TRUST,NHS ENGLAND NORTH EAST AND YORKSHIRE (CUMBRIA AND NORTH EAST),False
RAT,NORTH EAST LONDON NHS FOUNDATION TRUST,NHS ENGLAND LONDON,False
RAP,NORTH MIDDLESEX UNIVERSITY HOSPITAL NHS TRUST,NHS ENGLAND LONDON,False
RVW,NORTH TEES AND HARTLEPOOL NHS FOUNDATION TRUST,NHS ENGLAND NORTH EAST AND YORKSHIRE (CUMBRIA AND NORTH EAST),False
RGN,NORTH WEST ANGLIA NHS FOUNDATION TRUST,NHS ENGLAND EAST OF ENGLAND (EAST),False
RTV,NORTH WEST BOROUGHS HEALTHCARE NHS FOUNDATION TRUST,NHS ENGLAND NORTH WEST (CHESHIRE AND MERSEYSIDE),False
RNS,NORTHAMPTON GENERAL HOSPITAL NHS TRUST,NHS ENGLAND MIDLANDS (CENTRAL MIDLANDS),True
RBZ,NORTHERN DEVON HEALTHCARE NHS TRUST,NHS ENGLAND SOUTH WEST (SOUTH WEST SOUTH),False
RJL,NORTHERN LINCOLNSHIRE AND GOOLE NHS FOUNDATION TRUST,NHS ENGLAND NORTH EAST AND YORKSHIRE (YORKSHIRE AND HUMBER),False
RTF,NORTHUMBRIA HEALTHCARE NHS FOUNDATION TRUST,NHS ENGLAND NORTH EAST AND YORKSHIRE (CUMBRIA AND NORTH EAST),False
NR3,NOTTINGHAM CITYCARE PARTNERSHIP,NHS ENGLAND MIDLANDS (NORTH MIDLANDS),False
RX1,NOTTINGHAM UNIVERSITY HOSPITALS NHS TRUST,NHS ENGLAND MIDLANDS (NORTH MIDLANDS),True
RNU,OXFORD HEALTH NHS FOUNDATION TRUST,"NHS ENGLAND SOUTH EAST (HAMPSHIRE, ISLE OF WIGHT AND THAMES VALLEY)",False
RTH,OXFORD UNIVERSITY HOSPITALS NHS FOUNDATION TRUST,"NHS ENGLAND SOUTH EAST (HAMPSHIRE, ISLE OF WIGHT AND THAMES VALLEY)",False
RW6,PENNINE ACUTE HOSPITALS NHS TRUST,NHS ENGLAND NORTH WEST (GREATER MANCHESTER),False
RT2,PENNINE CARE NHS FOUNDATION TRUST,NHS ENGLAND NORTH WEST (GREATER MANCHESTER),False
RD3,POOLE HOSPITAL NHS FOUNDATION TRUST,NHS ENGLAND SOUTH WEST (SOUTH WEST SOUTH),False
RHU,PORTSMOUTH HOSPITALS NHS TRUST,"NHS ENGLAND SOUTH EAST (HAMPSHIRE, ISLE OF WIGHT AND THAMES VALLEY)",False
RPC,QUEEN VICTORIA HOSPITAL NHS FOUNDATION TRUST,"NHS ENGLAND SOUTH EAST (KENT, SURREY AND SUSSEX)",False
RHW,ROYAL BERKSHIRE NHS FOUNDATION TRUST,"NHS ENGLAND SOUTH EAST (HAMPSHIRE, ISLE OF WIGHT AND THAMES VALLEY)",False
RT3,ROYAL BROMPTON & HAREFIELD NHS FOUNDATION TRUST,NHS ENGLAND LONDON,False
REF,ROYAL CORNWALL HOSPITALS NHS TRUST,NHS ENGLAND SOUTH WEST (SOUTH WEST SOUTH),False
RH8,ROYAL DEVON AND EXETER NHS FOUNDATION TRUST,NHS ENGLAND SOUTH WEST (SOUTH WEST SOUTH),False
RAL,ROYAL FREE LONDON NHS FOUNDATION TRUST,NHS ENGLAND LONDON,False
RQ6,ROYAL LIVERPOOL AND BROADGREEN UNIVERSITY HOSPITALS NHS TRUST,NHS ENGLAND NORTH WEST (CHESHIRE AND MERSEYSIDE),False
RAN,ROYAL NATIONAL ORTHOPAEDIC HOSPITAL NHS TRUST,NHS ENGLAND LONDON,False
RA2,ROYAL SURREY COUNTY HOSPITAL NHS FOUNDATION TRUST,"NHS ENGLAND SOUTH EAST (KENT, SURREY AND SUSSEX)",False
RD1,ROYAL UNITED HOSPITALS BATH NHS FOUNDATION TRUST,NHS ENGLAND SOUTH WEST (SOUTH WEST NORTH),True
RM3,SALFORD ROYAL NHS FOUNDATION TRUST,NHS ENGLAND NORTH WEST (GREATER MANCHESTER),False
RNZ,SALISBURY NHS FOUNDATION TRUST,NHS ENGLAND SOUTH WEST (SOUTH WEST NORTH),False
RXK,SANDWELL AND WEST BIRMINGHAM HOSPITALS NHS TRUST,NHS ENGLAND MIDLANDS (WEST MIDLANDS),False
RCU,SHEFFIELD CHILDREN'S NHS FOUNDATION TRUST,NHS ENGLAND NORTH EAST AND YORKSHIRE (YORKSHIRE AND HUMBER),False
RHQ,SHEFFIELD TEACHING HOSPITALS NHS FOUNDATION TRUST,NHS ENGLAND NORTH EAST AND YORKSHIRE (YORKSHIRE AND HUMBER),False
RK5,SHERWOOD FOREST HOSPITALS NHS FOUNDATION TRUST,NHS ENGLAND MIDLANDS (NORTH MIDLANDS),False
RXW,SHREWSBURY AND TELFORD HOSPITAL NHS TRUST,NHS ENGLAND MIDLANDS (NORTH MIDLANDS),True
R1D,SHROPSHIRE COMMUNITY HEALTH NHS TRUST,NHS ENGLAND MIDLANDS (NORTH MIDLANDS),False
NLX,SIRONA CARE & HEALTH,NHS ENGLAND SOUTH WEST,False
RH5,SOMERSET PARTNERSHIP NHS FOUNDATION TRUST,NHS ENGLAND SOUTH WEST (SOUTH WEST SOUTH),False
RTR,SOUTH TEES HOSPITALS NHS FOUNDATION TRUST,NHS ENGLAND NORTH EAST AND YORKSHIRE (CUMBRIA AND NORTH EAST),False
R0B,SOUTH TYNESIDE AND SUNDERLAND NHS FOUNDATION TRUST,NHS ENGLAND NORTH EAST AND YORKSHIRE (CUMBRIA AND NORTH EAST),False
RJC,SOUTH WARWICKSHIRE NHS FOUNDATION TRUST,NHS ENGLAND MIDLANDS (WEST MIDLANDS),False
RXG,SOUTH WEST YORKSHIRE PARTNERSHIP NHS FOUNDATION TRUST,NHS ENGLAND NORTH EAST AND YORKSHIRE (YORKSHIRE AND HUMBER),False
RYF,SOUTH WESTERN AMBULANCE SERVICE NHS FOUNDATION TRUST,NHS ENGLAND SOUTH WEST (SOUTH WEST SOUTH),False
RAJ,SOUTHEND UNIVERSITY HOSPITAL NHS FOUNDATION TRUST,NHS ENGLAND EAST OF ENGLAND (EAST),False
RW1,SOUTHERN HEALTH NHS FOUNDATION TRUST,"NHS ENGLAND SOUTH EAST (HAMPSHIRE, ISLE OF WIGHT AND THAMES VALLEY)",False
RVY,SOUTHPORT AND ORMSKIRK HOSPITAL NHS TRUST,NHS ENGLAND NORTH WEST (CHESHIRE AND MERSEYSIDE),False
RJ7,ST GEORGE'S UNIVERSITY HOSPITALS NHS FOUNDATION TRUST,NHS ENGLAND LONDON,False
RBN,ST HELENS AND KNOWSLEY TEACHING HOSPITALS NHS TRUST,NHS ENGLAND NORTH WEST (CHESHIRE AND MERSEYSIDE),False
RWJ,STOCKPORT NHS FOUNDATION TRUST,NHS ENGLAND NORTH WEST (GREATER MANCHESTER),True
RTP,SURREY AND SUSSEX HEALTHCARE NHS TRUST,"NHS ENGLAND SOUTH EAST (KENT, SURREY AND SUSSEX)",False
RDR,SUSSEX COMMUNITY NHS FOUNDATION TRUST,"NHS ENGLAND SOUTH EAST (KENT, SURREY AND SUSSEX)",False
RMP,TAMESIDE AND GLOSSOP INTEGRATED CARE NHS FOUNDATION TRUST,NHS ENGLAND NORTH WEST (GREATER MANCHESTER),False
RBA,TAUNTON AND SOMERSET NHS FOUNDATION TRUST,NHS ENGLAND SOUTH WEST (SOUTH WEST SOUTH),False
AAH,TETBURY HOSPITAL TRUST LTD,NHS ENGLAND SOUTH WEST (SOUTH WEST NORTH),False
RBV,THE CHRISTIE NHS FOUNDATION TRUST,NHS ENGLAND NORTH WEST (GREATER MANCHESTER),False
RNA,THE DUDLEY GROUP NHS FOUNDATION TRUST,NHS ENGLAND MIDLANDS (WEST MIDLANDS),False
RAS,THE HILLINGDON HOSPITALS NHS FOUNDATION TRUST,NHS ENGLAND LONDON,False
RTD,THE NEWCASTLE UPON TYNE HOSPITALS NHS FOUNDATION TRUST,NHS ENGLAND NORTH EAST AND YORKSHIRE (CUMBRIA AND NORTH EAST),False
RQW,THE PRINCESS ALEXANDRA HOSPITAL NHS TRUST,NHS ENGLAND EAST OF ENGLAND (EAST),False
RCX,"THE QUEEN ELIZABETH HOSPITAL, KING'S LYNN, NHS FOUNDATION TRUST",NHS ENGLAND EAST OF ENGLAND (EAST),False
RL1,THE ROBERT JONES AND AGNES HUNT ORTHOPAEDIC HOSPITAL NHS FOUNDATION TRUST,NHS ENGLAND MIDLANDS (NORTH MIDLANDS),False
RFR,THE ROTHERHAM NHS FOUNDATION TRUST,NHS ENGLAND NORTH EAST AND YORKSHIRE (YORKSHIRE AND HUMBER),False
RDZ,THE ROYAL BOURNEMOUTH AND CHRISTCHURCH HOSPITALS NHS FOUNDATION TRUST,NHS ENGLAND SOUTH WEST (SOUTH WEST SOUTH),False
RL4,THE ROYAL WOLVERHAMPTON NHS TRUST,NHS ENGLAND MIDLANDS (WEST MIDLANDS),False
RET,THE WALTON CENTRE NHS FOUNDATION TRUST,NHS ENGLAND NORTH WEST (CHESHIRE AND MERSEYSIDE),False
RA9,TORBAY AND SOUTH DEVON NHS FOUNDATION TRUST,NHS ENGLAND SOUTH WEST (SOUTH WEST SOUTH),False
RWD,UNITED LINCOLNSHIRE HOSPITALS NHS TRUST,NHS ENGLAND MIDLANDS (CENTRAL MIDLANDS),True
RRV,UNIVERSITY COLLEGE LONDON HOSPITALS NHS FOUNDATION TRUST,NHS ENGLAND LONDON,False
RHM,UNIVERSITY HOSPITAL SOUTHAMPTON NHS FOUNDATION TRUST,"NHS ENGLAND SOUTH EAST (HAMPSHIRE, ISLE OF WIGHT AND THAMES VALLEY)",False
RRK,UNIVERSITY HOSPITALS BIRMINGHAM NHS FOUNDATION TRUST,NHS ENGLAND MIDLANDS (WEST MIDLANDS),True
RA7,UNIVERSITY HOSPITALS BRISTOL NHS FOUNDATION TRUST,NHS ENGLAND SOUTH WEST (SOUTH WEST NORTH),False
RKB,UNIVERSITY HOSPITALS COVENTRY AND WARWICKSHIRE NHS TRUST,NHS ENGLAND MIDLANDS (WEST MIDLANDS),False
R0D,UNIVERSITY HOSPITALS DORSET NHS FOUNDATION TRUST,NHS ENGLAND SOUTH WEST,False
RTG,UNIVERSITY HOSPITALS OF DERBY AND BURTON NHS FOUNDATION TRUST,NHS ENGLAND MIDLANDS (NORTH MIDLANDS),False
RWE,UNIVERSITY HOSPITALS OF LEICESTER NHS TRUST,NHS ENGLAND MIDLANDS (CENTRAL MIDLANDS),True
RTX,UNIVERSITY HOSPITALS OF MORECAMBE BAY NHS FOUNDATION TRUST,NHS ENGLAND NORTH WEST (LANCASHIRE AND SOUTH CUMBRIA),False
RJE,UNIVERSITY HOSPITALS OF NORTH MIDLANDS NHS TRUST,NHS ENGLAND MIDLANDS (NORTH MIDLANDS),True
RK9,UNIVERSITY HOSPITALS PLYMOUTH NHS TRUST,NHS ENGLAND SOUTH WEST (SOUTH WEST SOUTH),True
RBK,WALSALL HEALTHCARE NHS TRUST,NHS ENGLAND MIDLANDS (WEST MIDLANDS),False
RWW,WARRINGTON AND HALTON HOSPITALS NHS FOUNDATION TRUST,NHS ENGLAND NORTH WEST (CHESHIRE AND MERSEYSIDE),False
RWG,WEST HERTFORDSHIRE HOSPITALS NHS TRUST,NHS ENGLAND EAST OF ENGLAND (EAST),False
RGR,WEST SUFFOLK NHS FOUNDATION TRUST,NHS ENGLAND EAST OF ENGLAND (EAST),False
RYR,WESTERN SUSSEX HOSPITALS NHS FOUNDATION TRUST,"NHS ENGLAND SOUTH EAST (KENT, SURREY AND SUSSEX)",False
RA3,WESTON AREA HEALTH NHS TRUST,NHS ENGLAND SOUTH WEST (SOUTH WEST NORTH),False
RKE,WHITTINGTON HEALTH NHS TRUST,NHS ENGLAND LONDON,False
AXG,WILTSHIRE HEALTH & CARE,NHS ENGLAND SOUTH WEST (SOUTH WEST NORTH),False
RY7,WIRRAL COMMUNITY NHS FOUNDATION TRUST,NHS ENGLAND NORTH WEST (CHESHIRE AND MERSEYSIDE),False
RBL,WIRRAL UNIVERSITY TEACHING HOSPITAL NHS FOUNDATION TRUST,NHS ENGLAND NORTH WEST (CHESHIRE AND MERSEYSIDE),True
RWP,WORCESTERSHIRE ACUTE HOSPITALS NHS TRUST,NHS ENGLAND MIDLANDS (WEST MIDLANDS),True
AJN,WORKINGTON HEALTH LIMITED,NHS ENGLAND NORTH EAST AND YORKSHIRE (CUMBRIA AND NORTH EAST),False
RRF,"WRIGHTINGTON, WIGAN AND LEIGH NHS FOUNDATION TRUST",NHS ENGLAND NORTH WEST (GREATER MANCHESTER),False
RLQ,WYE VALLEY NHS TRUST,NHS ENGLAND MIDLANDS (WEST MIDLANDS),True
RA4,YEOVIL DISTRICT HOSPITAL NHS FOUNDATION TRUST,NHS ENGLAND SOUTH WEST (SOUTH WEST SOUTH),False
RCB,YORK TEACHING HOSPITAL NHS FOUNDATION TRUST,NHS ENGLAND NORTH EAST AND YORKSHIRE (YORKSHIRE AND HUMBER),False
